run_id,learning_rate,depth,l2_leaf_reg,subsample,colsample_bylevel,bagging_temperature,random_strength,seed,model_path,features,accuracy,auc,metric,time,best_param
1,0.01,6,1,0.8,0.8,0.0,0.0,42,/content/drive/MyDrive/Phiradon168/output_default/model_lr0.01_depth6_l21.joblib,Close,-1.0,,-1.0,2025-06-11 08:57:27,{}
2,0.01,6,1,0.8,0.8,0.0,1.0,42,/content/drive/MyDrive/Phiradon168/output_default/model_lr0.01_depth6_l21.joblib,Close,-1.0,,-1.0,2025-06-11 08:57:27,{}
3,0.01,6,1,0.8,0.8,1.0,0.0,42,/content/drive/MyDrive/Phiradon168/output_default/model_lr0.01_depth6_l21.joblib,Close,-1.0,,-1.0,2025-06-11 08:57:27,{}
4,0.01,6,1,0.8,0.8,1.0,1.0,42,/content/drive/MyDrive/Phiradon168/output_default/model_lr0.01_depth6_l21.joblib,Close,-1.0,,-1.0,2025-06-11 08:57:27,{}
5,0.01,6,1,0.8,1.0,0.0,0.0,42,/content/drive/MyDrive/Phiradon168/output_default/model_lr0.01_depth6_l21.joblib,Close,-1.0,,-1.0,2025-06-11 08:57:27,{}
6,0.01,6,1,0.8,1.0,0.0,1.0,42,/content/drive/MyDrive/Phiradon168/output_default/model_lr0.01_depth6_l21.joblib,Close,-1.0,,-1.0,2025-06-11 08:57:27,{}
7,0.01,6,1,0.8,1.0,1.0,0.0,42,/content/drive/MyDrive/Phiradon168/output_default/model_lr0.01_depth6_l21.joblib,Close,-1.0,,-1.0,2025-06-11 08:57:27,{}
8,0.01,6,1,0.8,1.0,1.0,1.0,42,/content/drive/MyDrive/Phiradon168/output_default/model_lr0.01_depth6_l21.joblib,Close,-1.0,,-1.0,2025-06-11 08:57:27,{}
9,0.01,6,1,1.0,0.8,0.0,0.0,42,/content/drive/MyDrive/Phiradon168/output_default/model_lr0.01_depth6_l21.joblib,Close,-1.0,,-1.0,2025-06-11 08:57:27,{}
10,0.01,6,1,1.0,0.8,0.0,1.0,42,/content/drive/MyDrive/Phiradon168/output_default/model_lr0.01_depth6_l21.joblib,Close,-1.0,,-1.0,2025-06-11 08:57:27,{}
11,0.01,6,1,1.0,0.8,1.0,0.0,42,/content/drive/MyDrive/Phiradon168/output_default/model_lr0.01_depth6_l21.joblib,Close,-1.0,,-1.0,2025-06-11 08:57:27,{}
12,0.01,6,1,1.0,0.8,1.0,1.0,42,/content/drive/MyDrive/Phiradon168/output_default/model_lr0.01_depth6_l21.joblib,Close,-1.0,,-1.0,2025-06-11 08:57:27,{}
13,0.01,6,1,1.0,1.0,0.0,0.0,42,/content/drive/MyDrive/Phiradon168/output_default/model_lr0.01_depth6_l21.joblib,Close,-1.0,,-1.0,2025-06-11 08:57:27,{}
14,0.01,6,1,1.0,1.0,0.0,1.0,42,/content/drive/MyDrive/Phiradon168/output_default/model_lr0.01_depth6_l21.joblib,Close,-1.0,,-1.0,2025-06-11 08:57:27,{}
15,0.01,6,1,1.0,1.0,1.0,0.0,42,/content/drive/MyDrive/Phiradon168/output_default/model_lr0.01_depth6_l21.joblib,Close,-1.0,,-1.0,2025-06-11 08:57:27,{}
16,0.01,6,1,1.0,1.0,1.0,1.0,42,/content/drive/MyDrive/Phiradon168/output_default/model_lr0.01_depth6_l21.joblib,Close,-1.0,,-1.0,2025-06-11 08:57:27,{}
17,0.01,6,3,0.8,0.8,0.0,0.0,42,/content/drive/MyDrive/Phiradon168/output_default/model_lr0.01_depth6_l23.joblib,Close,-1.0,,-1.0,2025-06-11 08:57:27,{}
18,0.01,6,3,0.8,0.8,0.0,1.0,42,/content/drive/MyDrive/Phiradon168/output_default/model_lr0.01_depth6_l23.joblib,Close,-1.0,,-1.0,2025-06-11 08:57:27,{}
19,0.01,6,3,0.8,0.8,1.0,0.0,42,/content/drive/MyDrive/Phiradon168/output_default/model_lr0.01_depth6_l23.joblib,Close,-1.0,,-1.0,2025-06-11 08:57:27,{}
20,0.01,6,3,0.8,0.8,1.0,1.0,42,/content/drive/MyDrive/Phiradon168/output_default/model_lr0.01_depth6_l23.joblib,Close,-1.0,,-1.0,2025-06-11 08:57:27,{}
21,0.01,6,3,0.8,1.0,0.0,0.0,42,/content/drive/MyDrive/Phiradon168/output_default/model_lr0.01_depth6_l23.joblib,Close,-1.0,,-1.0,2025-06-11 08:57:27,{}
22,0.01,6,3,0.8,1.0,0.0,1.0,42,/content/drive/MyDrive/Phiradon168/output_default/model_lr0.01_depth6_l23.joblib,Close,-1.0,,-1.0,2025-06-11 08:57:27,{}
23,0.01,6,3,0.8,1.0,1.0,0.0,42,/content/drive/MyDrive/Phiradon168/output_default/model_lr0.01_depth6_l23.joblib,Close,-1.0,,-1.0,2025-06-11 08:57:27,{}
24,0.01,6,3,0.8,1.0,1.0,1.0,42,/content/drive/MyDrive/Phiradon168/output_default/model_lr0.01_depth6_l23.joblib,Close,-1.0,,-1.0,2025-06-11 08:57:27,{}
25,0.01,6,3,1.0,0.8,0.0,0.0,42,/content/drive/MyDrive/Phiradon168/output_default/model_lr0.01_depth6_l23.joblib,Close,-1.0,,-1.0,2025-06-11 08:57:27,{}
26,0.01,6,3,1.0,0.8,0.0,1.0,42,/content/drive/MyDrive/Phiradon168/output_default/model_lr0.01_depth6_l23.joblib,Close,-1.0,,-1.0,2025-06-11 08:57:27,{}
27,0.01,6,3,1.0,0.8,1.0,0.0,42,/content/drive/MyDrive/Phiradon168/output_default/model_lr0.01_depth6_l23.joblib,Close,-1.0,,-1.0,2025-06-11 08:57:27,{}
28,0.01,6,3,1.0,0.8,1.0,1.0,42,/content/drive/MyDrive/Phiradon168/output_default/model_lr0.01_depth6_l23.joblib,Close,-1.0,,-1.0,2025-06-11 08:57:27,{}
29,0.01,6,3,1.0,1.0,0.0,0.0,42,/content/drive/MyDrive/Phiradon168/output_default/model_lr0.01_depth6_l23.joblib,Close,-1.0,,-1.0,2025-06-11 08:57:27,{}
30,0.01,6,3,1.0,1.0,0.0,1.0,42,/content/drive/MyDrive/Phiradon168/output_default/model_lr0.01_depth6_l23.joblib,Close,-1.0,,-1.0,2025-06-11 08:57:27,{}
31,0.01,6,3,1.0,1.0,1.0,0.0,42,/content/drive/MyDrive/Phiradon168/output_default/model_lr0.01_depth6_l23.joblib,Close,-1.0,,-1.0,2025-06-11 08:57:27,{}
32,0.01,6,3,1.0,1.0,1.0,1.0,42,/content/drive/MyDrive/Phiradon168/output_default/model_lr0.01_depth6_l23.joblib,Close,-1.0,,-1.0,2025-06-11 08:57:27,{}
33,0.01,6,5,0.8,0.8,0.0,0.0,42,/content/drive/MyDrive/Phiradon168/output_default/model_lr0.01_depth6_l25.joblib,Close,-1.0,,-1.0,2025-06-11 08:57:27,{}
34,0.01,6,5,0.8,0.8,0.0,1.0,42,/content/drive/MyDrive/Phiradon168/output_default/model_lr0.01_depth6_l25.joblib,Close,-1.0,,-1.0,2025-06-11 08:57:27,{}
35,0.01,6,5,0.8,0.8,1.0,0.0,42,/content/drive/MyDrive/Phiradon168/output_default/model_lr0.01_depth6_l25.joblib,Close,-1.0,,-1.0,2025-06-11 08:57:27,{}
36,0.01,6,5,0.8,0.8,1.0,1.0,42,/content/drive/MyDrive/Phiradon168/output_default/model_lr0.01_depth6_l25.joblib,Close,-1.0,,-1.0,2025-06-11 08:57:27,{}
37,0.01,6,5,0.8,1.0,0.0,0.0,42,/content/drive/MyDrive/Phiradon168/output_default/model_lr0.01_depth6_l25.joblib,Close,-1.0,,-1.0,2025-06-11 08:57:27,{}
38,0.01,6,5,0.8,1.0,0.0,1.0,42,/content/drive/MyDrive/Phiradon168/output_default/model_lr0.01_depth6_l25.joblib,Close,-1.0,,-1.0,2025-06-11 08:57:27,{}
39,0.01,6,5,0.8,1.0,1.0,0.0,42,/content/drive/MyDrive/Phiradon168/output_default/model_lr0.01_depth6_l25.joblib,Close,-1.0,,-1.0,2025-06-11 08:57:28,{}
40,0.01,6,5,0.8,1.0,1.0,1.0,42,/content/drive/MyDrive/Phiradon168/output_default/model_lr0.01_depth6_l25.joblib,Close,-1.0,,-1.0,2025-06-11 08:57:28,{}
41,0.01,6,5,1.0,0.8,0.0,0.0,42,/content/drive/MyDrive/Phiradon168/output_default/model_lr0.01_depth6_l25.joblib,Close,-1.0,,-1.0,2025-06-11 08:57:28,{}
42,0.01,6,5,1.0,0.8,0.0,1.0,42,/content/drive/MyDrive/Phiradon168/output_default/model_lr0.01_depth6_l25.joblib,Close,-1.0,,-1.0,2025-06-11 08:57:28,{}
43,0.01,6,5,1.0,0.8,1.0,0.0,42,/content/drive/MyDrive/Phiradon168/output_default/model_lr0.01_depth6_l25.joblib,Close,-1.0,,-1.0,2025-06-11 08:57:28,{}
44,0.01,6,5,1.0,0.8,1.0,1.0,42,/content/drive/MyDrive/Phiradon168/output_default/model_lr0.01_depth6_l25.joblib,Close,-1.0,,-1.0,2025-06-11 08:57:28,{}
45,0.01,6,5,1.0,1.0,0.0,0.0,42,/content/drive/MyDrive/Phiradon168/output_default/model_lr0.01_depth6_l25.joblib,Close,-1.0,,-1.0,2025-06-11 08:57:28,{}
46,0.01,6,5,1.0,1.0,0.0,1.0,42,/content/drive/MyDrive/Phiradon168/output_default/model_lr0.01_depth6_l25.joblib,Close,-1.0,,-1.0,2025-06-11 08:57:28,{}
47,0.01,6,5,1.0,1.0,1.0,0.0,42,/content/drive/MyDrive/Phiradon168/output_default/model_lr0.01_depth6_l25.joblib,Close,-1.0,,-1.0,2025-06-11 08:57:28,{}
48,0.01,6,5,1.0,1.0,1.0,1.0,42,/content/drive/MyDrive/Phiradon168/output_default/model_lr0.01_depth6_l25.joblib,Close,-1.0,,-1.0,2025-06-11 08:57:28,{}
49,0.01,8,1,0.8,0.8,0.0,0.0,42,/content/drive/MyDrive/Phiradon168/output_default/model_lr0.01_depth8_l21.joblib,Close,-1.0,,-1.0,2025-06-11 08:57:28,{}
50,0.01,8,1,0.8,0.8,0.0,1.0,42,/content/drive/MyDrive/Phiradon168/output_default/model_lr0.01_depth8_l21.joblib,Close,-1.0,,-1.0,2025-06-11 08:57:28,{}
51,0.01,8,1,0.8,0.8,1.0,0.0,42,/content/drive/MyDrive/Phiradon168/output_default/model_lr0.01_depth8_l21.joblib,Close,-1.0,,-1.0,2025-06-11 08:57:28,{}
52,0.01,8,1,0.8,0.8,1.0,1.0,42,/content/drive/MyDrive/Phiradon168/output_default/model_lr0.01_depth8_l21.joblib,Close,-1.0,,-1.0,2025-06-11 08:57:28,{}
53,0.01,8,1,0.8,1.0,0.0,0.0,42,/content/drive/MyDrive/Phiradon168/output_default/model_lr0.01_depth8_l21.joblib,Close,-1.0,,-1.0,2025-06-11 08:57:28,{}
54,0.01,8,1,0.8,1.0,0.0,1.0,42,/content/drive/MyDrive/Phiradon168/output_default/model_lr0.01_depth8_l21.joblib,Close,-1.0,,-1.0,2025-06-11 08:57:28,{}
55,0.01,8,1,0.8,1.0,1.0,0.0,42,/content/drive/MyDrive/Phiradon168/output_default/model_lr0.01_depth8_l21.joblib,Close,-1.0,,-1.0,2025-06-11 08:57:28,{}
56,0.01,8,1,0.8,1.0,1.0,1.0,42,/content/drive/MyDrive/Phiradon168/output_default/model_lr0.01_depth8_l21.joblib,Close,-1.0,,-1.0,2025-06-11 08:57:28,{}
57,0.01,8,1,1.0,0.8,0.0,0.0,42,/content/drive/MyDrive/Phiradon168/output_default/model_lr0.01_depth8_l21.joblib,Close,-1.0,,-1.0,2025-06-11 08:57:28,{}
58,0.01,8,1,1.0,0.8,0.0,1.0,42,/content/drive/MyDrive/Phiradon168/output_default/model_lr0.01_depth8_l21.joblib,Close,-1.0,,-1.0,2025-06-11 08:57:28,{}
59,0.01,8,1,1.0,0.8,1.0,0.0,42,/content/drive/MyDrive/Phiradon168/output_default/model_lr0.01_depth8_l21.joblib,Close,-1.0,,-1.0,2025-06-11 08:57:28,{}
60,0.01,8,1,1.0,0.8,1.0,1.0,42,/content/drive/MyDrive/Phiradon168/output_default/model_lr0.01_depth8_l21.joblib,Close,-1.0,,-1.0,2025-06-11 08:57:28,{}
61,0.01,8,1,1.0,1.0,0.0,0.0,42,/content/drive/MyDrive/Phiradon168/output_default/model_lr0.01_depth8_l21.joblib,Close,-1.0,,-1.0,2025-06-11 08:57:28,{}
62,0.01,8,1,1.0,1.0,0.0,1.0,42,/content/drive/MyDrive/Phiradon168/output_default/model_lr0.01_depth8_l21.joblib,Close,-1.0,,-1.0,2025-06-11 08:57:28,{}
63,0.01,8,1,1.0,1.0,1.0,0.0,42,/content/drive/MyDrive/Phiradon168/output_default/model_lr0.01_depth8_l21.joblib,Close,-1.0,,-1.0,2025-06-11 08:57:28,{}
64,0.01,8,1,1.0,1.0,1.0,1.0,42,/content/drive/MyDrive/Phiradon168/output_default/model_lr0.01_depth8_l21.joblib,Close,-1.0,,-1.0,2025-06-11 08:57:28,{}
65,0.01,8,3,0.8,0.8,0.0,0.0,42,/content/drive/MyDrive/Phiradon168/output_default/model_lr0.01_depth8_l23.joblib,Close,-1.0,,-1.0,2025-06-11 08:57:28,{}
66,0.01,8,3,0.8,0.8,0.0,1.0,42,/content/drive/MyDrive/Phiradon168/output_default/model_lr0.01_depth8_l23.joblib,Close,-1.0,,-1.0,2025-06-11 08:57:28,{}
67,0.01,8,3,0.8,0.8,1.0,0.0,42,/content/drive/MyDrive/Phiradon168/output_default/model_lr0.01_depth8_l23.joblib,Close,-1.0,,-1.0,2025-06-11 08:57:28,{}
68,0.01,8,3,0.8,0.8,1.0,1.0,42,/content/drive/MyDrive/Phiradon168/output_default/model_lr0.01_depth8_l23.joblib,Close,-1.0,,-1.0,2025-06-11 08:57:28,{}
69,0.01,8,3,0.8,1.0,0.0,0.0,42,/content/drive/MyDrive/Phiradon168/output_default/model_lr0.01_depth8_l23.joblib,Close,-1.0,,-1.0,2025-06-11 08:57:28,{}
70,0.01,8,3,0.8,1.0,0.0,1.0,42,/content/drive/MyDrive/Phiradon168/output_default/model_lr0.01_depth8_l23.joblib,Close,-1.0,,-1.0,2025-06-11 08:57:28,{}
71,0.01,8,3,0.8,1.0,1.0,0.0,42,/content/drive/MyDrive/Phiradon168/output_default/model_lr0.01_depth8_l23.joblib,Close,-1.0,,-1.0,2025-06-11 08:57:28,{}
72,0.01,8,3,0.8,1.0,1.0,1.0,42,/content/drive/MyDrive/Phiradon168/output_default/model_lr0.01_depth8_l23.joblib,Close,-1.0,,-1.0,2025-06-11 08:57:28,{}
73,0.01,8,3,1.0,0.8,0.0,0.0,42,/content/drive/MyDrive/Phiradon168/output_default/model_lr0.01_depth8_l23.joblib,Close,-1.0,,-1.0,2025-06-11 08:57:28,{}
74,0.01,8,3,1.0,0.8,0.0,1.0,42,/content/drive/MyDrive/Phiradon168/output_default/model_lr0.01_depth8_l23.joblib,Close,-1.0,,-1.0,2025-06-11 08:57:28,{}
75,0.01,8,3,1.0,0.8,1.0,0.0,42,/content/drive/MyDrive/Phiradon168/output_default/model_lr0.01_depth8_l23.joblib,Close,-1.0,,-1.0,2025-06-11 08:57:28,{}
76,0.01,8,3,1.0,0.8,1.0,1.0,42,/content/drive/MyDrive/Phiradon168/output_default/model_lr0.01_depth8_l23.joblib,Close,-1.0,,-1.0,2025-06-11 08:57:28,{}
77,0.01,8,3,1.0,1.0,0.0,0.0,42,/content/drive/MyDrive/Phiradon168/output_default/model_lr0.01_depth8_l23.joblib,Close,-1.0,,-1.0,2025-06-11 08:57:28,{}
78,0.01,8,3,1.0,1.0,0.0,1.0,42,/content/drive/MyDrive/Phiradon168/output_default/model_lr0.01_depth8_l23.joblib,Close,-1.0,,-1.0,2025-06-11 08:57:28,{}
79,0.01,8,3,1.0,1.0,1.0,0.0,42,/content/drive/MyDrive/Phiradon168/output_default/model_lr0.01_depth8_l23.joblib,Close,-1.0,,-1.0,2025-06-11 08:57:28,{}
80,0.01,8,3,1.0,1.0,1.0,1.0,42,/content/drive/MyDrive/Phiradon168/output_default/model_lr0.01_depth8_l23.joblib,Close,-1.0,,-1.0,2025-06-11 08:57:28,{}
81,0.01,8,5,0.8,0.8,0.0,0.0,42,/content/drive/MyDrive/Phiradon168/output_default/model_lr0.01_depth8_l25.joblib,Close,-1.0,,-1.0,2025-06-11 08:57:28,{}
82,0.01,8,5,0.8,0.8,0.0,1.0,42,/content/drive/MyDrive/Phiradon168/output_default/model_lr0.01_depth8_l25.joblib,Close,-1.0,,-1.0,2025-06-11 08:57:28,{}
83,0.01,8,5,0.8,0.8,1.0,0.0,42,/content/drive/MyDrive/Phiradon168/output_default/model_lr0.01_depth8_l25.joblib,Close,-1.0,,-1.0,2025-06-11 08:57:28,{}
84,0.01,8,5,0.8,0.8,1.0,1.0,42,/content/drive/MyDrive/Phiradon168/output_default/model_lr0.01_depth8_l25.joblib,Close,-1.0,,-1.0,2025-06-11 08:57:28,{}
85,0.01,8,5,0.8,1.0,0.0,0.0,42,/content/drive/MyDrive/Phiradon168/output_default/model_lr0.01_depth8_l25.joblib,Close,-1.0,,-1.0,2025-06-11 08:57:28,{}
86,0.01,8,5,0.8,1.0,0.0,1.0,42,/content/drive/MyDrive/Phiradon168/output_default/model_lr0.01_depth8_l25.joblib,Close,-1.0,,-1.0,2025-06-11 08:57:29,{}
87,0.01,8,5,0.8,1.0,1.0,0.0,42,/content/drive/MyDrive/Phiradon168/output_default/model_lr0.01_depth8_l25.joblib,Close,-1.0,,-1.0,2025-06-11 08:57:29,{}
88,0.01,8,5,0.8,1.0,1.0,1.0,42,/content/drive/MyDrive/Phiradon168/output_default/model_lr0.01_depth8_l25.joblib,Close,-1.0,,-1.0,2025-06-11 08:57:29,{}
89,0.01,8,5,1.0,0.8,0.0,0.0,42,/content/drive/MyDrive/Phiradon168/output_default/model_lr0.01_depth8_l25.joblib,Close,-1.0,,-1.0,2025-06-11 08:57:29,{}
90,0.01,8,5,1.0,0.8,0.0,1.0,42,/content/drive/MyDrive/Phiradon168/output_default/model_lr0.01_depth8_l25.joblib,Close,-1.0,,-1.0,2025-06-11 08:57:29,{}
91,0.01,8,5,1.0,0.8,1.0,0.0,42,/content/drive/MyDrive/Phiradon168/output_default/model_lr0.01_depth8_l25.joblib,Close,-1.0,,-1.0,2025-06-11 08:57:29,{}
92,0.01,8,5,1.0,0.8,1.0,1.0,42,/content/drive/MyDrive/Phiradon168/output_default/model_lr0.01_depth8_l25.joblib,Close,-1.0,,-1.0,2025-06-11 08:57:29,{}
93,0.01,8,5,1.0,1.0,0.0,0.0,42,/content/drive/MyDrive/Phiradon168/output_default/model_lr0.01_depth8_l25.joblib,Close,-1.0,,-1.0,2025-06-11 08:57:29,{}
94,0.01,8,5,1.0,1.0,0.0,1.0,42,/content/drive/MyDrive/Phiradon168/output_default/model_lr0.01_depth8_l25.joblib,Close,-1.0,,-1.0,2025-06-11 08:57:29,{}
95,0.01,8,5,1.0,1.0,1.0,0.0,42,/content/drive/MyDrive/Phiradon168/output_default/model_lr0.01_depth8_l25.joblib,Close,-1.0,,-1.0,2025-06-11 08:57:29,{}
96,0.01,8,5,1.0,1.0,1.0,1.0,42,/content/drive/MyDrive/Phiradon168/output_default/model_lr0.01_depth8_l25.joblib,Close,-1.0,,-1.0,2025-06-11 08:57:29,{}
97,0.05,6,1,0.8,0.8,0.0,0.0,42,/content/drive/MyDrive/Phiradon168/output_default/model_lr0.05_depth6_l21.joblib,Close,-1.0,,-1.0,2025-06-11 08:57:29,{}
98,0.05,6,1,0.8,0.8,0.0,1.0,42,/content/drive/MyDrive/Phiradon168/output_default/model_lr0.05_depth6_l21.joblib,Close,-1.0,,-1.0,2025-06-11 08:57:29,{}
99,0.05,6,1,0.8,0.8,1.0,0.0,42,/content/drive/MyDrive/Phiradon168/output_default/model_lr0.05_depth6_l21.joblib,Close,-1.0,,-1.0,2025-06-11 08:57:29,{}
100,0.05,6,1,0.8,0.8,1.0,1.0,42,/content/drive/MyDrive/Phiradon168/output_default/model_lr0.05_depth6_l21.joblib,Close,-1.0,,-1.0,2025-06-11 08:57:29,{}
101,0.05,6,1,0.8,1.0,0.0,0.0,42,/content/drive/MyDrive/Phiradon168/output_default/model_lr0.05_depth6_l21.joblib,Close,-1.0,,-1.0,2025-06-11 08:57:29,{}
102,0.05,6,1,0.8,1.0,0.0,1.0,42,/content/drive/MyDrive/Phiradon168/output_default/model_lr0.05_depth6_l21.joblib,Close,-1.0,,-1.0,2025-06-11 08:57:29,{}
103,0.05,6,1,0.8,1.0,1.0,0.0,42,/content/drive/MyDrive/Phiradon168/output_default/model_lr0.05_depth6_l21.joblib,Close,-1.0,,-1.0,2025-06-11 08:57:29,{}
104,0.05,6,1,0.8,1.0,1.0,1.0,42,/content/drive/MyDrive/Phiradon168/output_default/model_lr0.05_depth6_l21.joblib,Close,-1.0,,-1.0,2025-06-11 08:57:29,{}
105,0.05,6,1,1.0,0.8,0.0,0.0,42,/content/drive/MyDrive/Phiradon168/output_default/model_lr0.05_depth6_l21.joblib,Close,-1.0,,-1.0,2025-06-11 08:57:29,{}
106,0.05,6,1,1.0,0.8,0.0,1.0,42,/content/drive/MyDrive/Phiradon168/output_default/model_lr0.05_depth6_l21.joblib,Close,-1.0,,-1.0,2025-06-11 08:57:29,{}
107,0.05,6,1,1.0,0.8,1.0,0.0,42,/content/drive/MyDrive/Phiradon168/output_default/model_lr0.05_depth6_l21.joblib,Close,-1.0,,-1.0,2025-06-11 08:57:29,{}
108,0.05,6,1,1.0,0.8,1.0,1.0,42,/content/drive/MyDrive/Phiradon168/output_default/model_lr0.05_depth6_l21.joblib,Close,-1.0,,-1.0,2025-06-11 08:57:29,{}
109,0.05,6,1,1.0,1.0,0.0,0.0,42,/content/drive/MyDrive/Phiradon168/output_default/model_lr0.05_depth6_l21.joblib,Close,-1.0,,-1.0,2025-06-11 08:57:29,{}
110,0.05,6,1,1.0,1.0,0.0,1.0,42,/content/drive/MyDrive/Phiradon168/output_default/model_lr0.05_depth6_l21.joblib,Close,-1.0,,-1.0,2025-06-11 08:57:29,{}
111,0.05,6,1,1.0,1.0,1.0,0.0,42,/content/drive/MyDrive/Phiradon168/output_default/model_lr0.05_depth6_l21.joblib,Close,-1.0,,-1.0,2025-06-11 08:57:29,{}
112,0.05,6,1,1.0,1.0,1.0,1.0,42,/content/drive/MyDrive/Phiradon168/output_default/model_lr0.05_depth6_l21.joblib,Close,-1.0,,-1.0,2025-06-11 08:57:29,{}
113,0.05,6,3,0.8,0.8,0.0,0.0,42,/content/drive/MyDrive/Phiradon168/output_default/model_lr0.05_depth6_l23.joblib,Close,-1.0,,-1.0,2025-06-11 08:57:29,{}
114,0.05,6,3,0.8,0.8,0.0,1.0,42,/content/drive/MyDrive/Phiradon168/output_default/model_lr0.05_depth6_l23.joblib,Close,-1.0,,-1.0,2025-06-11 08:57:29,{}
115,0.05,6,3,0.8,0.8,1.0,0.0,42,/content/drive/MyDrive/Phiradon168/output_default/model_lr0.05_depth6_l23.joblib,Close,-1.0,,-1.0,2025-06-11 08:57:29,{}
116,0.05,6,3,0.8,0.8,1.0,1.0,42,/content/drive/MyDrive/Phiradon168/output_default/model_lr0.05_depth6_l23.joblib,Close,-1.0,,-1.0,2025-06-11 08:57:29,{}
117,0.05,6,3,0.8,1.0,0.0,0.0,42,/content/drive/MyDrive/Phiradon168/output_default/model_lr0.05_depth6_l23.joblib,Close,-1.0,,-1.0,2025-06-11 08:57:29,{}
118,0.05,6,3,0.8,1.0,0.0,1.0,42,/content/drive/MyDrive/Phiradon168/output_default/model_lr0.05_depth6_l23.joblib,Close,-1.0,,-1.0,2025-06-11 08:57:29,{}
119,0.05,6,3,0.8,1.0,1.0,0.0,42,/content/drive/MyDrive/Phiradon168/output_default/model_lr0.05_depth6_l23.joblib,Close,-1.0,,-1.0,2025-06-11 08:57:29,{}
120,0.05,6,3,0.8,1.0,1.0,1.0,42,/content/drive/MyDrive/Phiradon168/output_default/model_lr0.05_depth6_l23.joblib,Close,-1.0,,-1.0,2025-06-11 08:57:29,{}
121,0.05,6,3,1.0,0.8,0.0,0.0,42,/content/drive/MyDrive/Phiradon168/output_default/model_lr0.05_depth6_l23.joblib,Close,-1.0,,-1.0,2025-06-11 08:57:29,{}
122,0.05,6,3,1.0,0.8,0.0,1.0,42,/content/drive/MyDrive/Phiradon168/output_default/model_lr0.05_depth6_l23.joblib,Close,-1.0,,-1.0,2025-06-11 08:57:29,{}
123,0.05,6,3,1.0,0.8,1.0,0.0,42,/content/drive/MyDrive/Phiradon168/output_default/model_lr0.05_depth6_l23.joblib,Close,-1.0,,-1.0,2025-06-11 08:57:29,{}
124,0.05,6,3,1.0,0.8,1.0,1.0,42,/content/drive/MyDrive/Phiradon168/output_default/model_lr0.05_depth6_l23.joblib,Close,-1.0,,-1.0,2025-06-11 08:57:29,{}
125,0.05,6,3,1.0,1.0,0.0,0.0,42,/content/drive/MyDrive/Phiradon168/output_default/model_lr0.05_depth6_l23.joblib,Close,-1.0,,-1.0,2025-06-11 08:57:29,{}
126,0.05,6,3,1.0,1.0,0.0,1.0,42,/content/drive/MyDrive/Phiradon168/output_default/model_lr0.05_depth6_l23.joblib,Close,-1.0,,-1.0,2025-06-11 08:57:29,{}
127,0.05,6,3,1.0,1.0,1.0,0.0,42,/content/drive/MyDrive/Phiradon168/output_default/model_lr0.05_depth6_l23.joblib,Close,-1.0,,-1.0,2025-06-11 08:57:29,{}
128,0.05,6,3,1.0,1.0,1.0,1.0,42,/content/drive/MyDrive/Phiradon168/output_default/model_lr0.05_depth6_l23.joblib,Close,-1.0,,-1.0,2025-06-11 08:57:29,{}
129,0.05,6,5,0.8,0.8,0.0,0.0,42,/content/drive/MyDrive/Phiradon168/output_default/model_lr0.05_depth6_l25.joblib,Close,-1.0,,-1.0,2025-06-11 08:57:29,{}
130,0.05,6,5,0.8,0.8,0.0,1.0,42,/content/drive/MyDrive/Phiradon168/output_default/model_lr0.05_depth6_l25.joblib,Close,-1.0,,-1.0,2025-06-11 08:57:29,{}
131,0.05,6,5,0.8,0.8,1.0,0.0,42,/content/drive/MyDrive/Phiradon168/output_default/model_lr0.05_depth6_l25.joblib,Close,-1.0,,-1.0,2025-06-11 08:57:29,{}
132,0.05,6,5,0.8,0.8,1.0,1.0,42,/content/drive/MyDrive/Phiradon168/output_default/model_lr0.05_depth6_l25.joblib,Close,-1.0,,-1.0,2025-06-11 08:57:29,{}
133,0.05,6,5,0.8,1.0,0.0,0.0,42,/content/drive/MyDrive/Phiradon168/output_default/model_lr0.05_depth6_l25.joblib,Close,-1.0,,-1.0,2025-06-11 08:57:29,{}
134,0.05,6,5,0.8,1.0,0.0,1.0,42,/content/drive/MyDrive/Phiradon168/output_default/model_lr0.05_depth6_l25.joblib,Close,-1.0,,-1.0,2025-06-11 08:57:29,{}
135,0.05,6,5,0.8,1.0,1.0,0.0,42,/content/drive/MyDrive/Phiradon168/output_default/model_lr0.05_depth6_l25.joblib,Close,-1.0,,-1.0,2025-06-11 08:57:29,{}
136,0.05,6,5,0.8,1.0,1.0,1.0,42,/content/drive/MyDrive/Phiradon168/output_default/model_lr0.05_depth6_l25.joblib,Close,-1.0,,-1.0,2025-06-11 08:57:29,{}
137,0.05,6,5,1.0,0.8,0.0,0.0,42,/content/drive/MyDrive/Phiradon168/output_default/model_lr0.05_depth6_l25.joblib,Close,-1.0,,-1.0,2025-06-11 08:57:29,{}
138,0.05,6,5,1.0,0.8,0.0,1.0,42,/content/drive/MyDrive/Phiradon168/output_default/model_lr0.05_depth6_l25.joblib,Close,-1.0,,-1.0,2025-06-11 08:57:29,{}
139,0.05,6,5,1.0,0.8,1.0,0.0,42,/content/drive/MyDrive/Phiradon168/output_default/model_lr0.05_depth6_l25.joblib,Close,-1.0,,-1.0,2025-06-11 08:57:29,{}
140,0.05,6,5,1.0,0.8,1.0,1.0,42,/content/drive/MyDrive/Phiradon168/output_default/model_lr0.05_depth6_l25.joblib,Close,-1.0,,-1.0,2025-06-11 08:57:29,{}
141,0.05,6,5,1.0,1.0,0.0,0.0,42,/content/drive/MyDrive/Phiradon168/output_default/model_lr0.05_depth6_l25.joblib,Close,-1.0,,-1.0,2025-06-11 08:57:29,{}
142,0.05,6,5,1.0,1.0,0.0,1.0,42,/content/drive/MyDrive/Phiradon168/output_default/model_lr0.05_depth6_l25.joblib,Close,-1.0,,-1.0,2025-06-11 08:57:30,{}
143,0.05,6,5,1.0,1.0,1.0,0.0,42,/content/drive/MyDrive/Phiradon168/output_default/model_lr0.05_depth6_l25.joblib,Close,-1.0,,-1.0,2025-06-11 08:57:30,{}
144,0.05,6,5,1.0,1.0,1.0,1.0,42,/content/drive/MyDrive/Phiradon168/output_default/model_lr0.05_depth6_l25.joblib,Close,-1.0,,-1.0,2025-06-11 08:57:30,{}
145,0.05,8,1,0.8,0.8,0.0,0.0,42,/content/drive/MyDrive/Phiradon168/output_default/model_lr0.05_depth8_l21.joblib,Close,-1.0,,-1.0,2025-06-11 08:57:30,{}
146,0.05,8,1,0.8,0.8,0.0,1.0,42,/content/drive/MyDrive/Phiradon168/output_default/model_lr0.05_depth8_l21.joblib,Close,-1.0,,-1.0,2025-06-11 08:57:30,{}
147,0.05,8,1,0.8,0.8,1.0,0.0,42,/content/drive/MyDrive/Phiradon168/output_default/model_lr0.05_depth8_l21.joblib,Close,-1.0,,-1.0,2025-06-11 08:57:30,{}
148,0.05,8,1,0.8,0.8,1.0,1.0,42,/content/drive/MyDrive/Phiradon168/output_default/model_lr0.05_depth8_l21.joblib,Close,-1.0,,-1.0,2025-06-11 08:57:30,{}
149,0.05,8,1,0.8,1.0,0.0,0.0,42,/content/drive/MyDrive/Phiradon168/output_default/model_lr0.05_depth8_l21.joblib,Close,-1.0,,-1.0,2025-06-11 08:57:30,{}
150,0.05,8,1,0.8,1.0,0.0,1.0,42,/content/drive/MyDrive/Phiradon168/output_default/model_lr0.05_depth8_l21.joblib,Close,-1.0,,-1.0,2025-06-11 08:57:30,{}
151,0.05,8,1,0.8,1.0,1.0,0.0,42,/content/drive/MyDrive/Phiradon168/output_default/model_lr0.05_depth8_l21.joblib,Close,-1.0,,-1.0,2025-06-11 08:57:30,{}
152,0.05,8,1,0.8,1.0,1.0,1.0,42,/content/drive/MyDrive/Phiradon168/output_default/model_lr0.05_depth8_l21.joblib,Close,-1.0,,-1.0,2025-06-11 08:57:30,{}
153,0.05,8,1,1.0,0.8,0.0,0.0,42,/content/drive/MyDrive/Phiradon168/output_default/model_lr0.05_depth8_l21.joblib,Close,-1.0,,-1.0,2025-06-11 08:57:30,{}
154,0.05,8,1,1.0,0.8,0.0,1.0,42,/content/drive/MyDrive/Phiradon168/output_default/model_lr0.05_depth8_l21.joblib,Close,-1.0,,-1.0,2025-06-11 08:57:30,{}
155,0.05,8,1,1.0,0.8,1.0,0.0,42,/content/drive/MyDrive/Phiradon168/output_default/model_lr0.05_depth8_l21.joblib,Close,-1.0,,-1.0,2025-06-11 08:57:30,{}
156,0.05,8,1,1.0,0.8,1.0,1.0,42,/content/drive/MyDrive/Phiradon168/output_default/model_lr0.05_depth8_l21.joblib,Close,-1.0,,-1.0,2025-06-11 08:57:30,{}
157,0.05,8,1,1.0,1.0,0.0,0.0,42,/content/drive/MyDrive/Phiradon168/output_default/model_lr0.05_depth8_l21.joblib,Close,-1.0,,-1.0,2025-06-11 08:57:30,{}
158,0.05,8,1,1.0,1.0,0.0,1.0,42,/content/drive/MyDrive/Phiradon168/output_default/model_lr0.05_depth8_l21.joblib,Close,-1.0,,-1.0,2025-06-11 08:57:30,{}
159,0.05,8,1,1.0,1.0,1.0,0.0,42,/content/drive/MyDrive/Phiradon168/output_default/model_lr0.05_depth8_l21.joblib,Close,-1.0,,-1.0,2025-06-11 08:57:30,{}
160,0.05,8,1,1.0,1.0,1.0,1.0,42,/content/drive/MyDrive/Phiradon168/output_default/model_lr0.05_depth8_l21.joblib,Close,-1.0,,-1.0,2025-06-11 08:57:30,{}
161,0.05,8,3,0.8,0.8,0.0,0.0,42,/content/drive/MyDrive/Phiradon168/output_default/model_lr0.05_depth8_l23.joblib,Close,-1.0,,-1.0,2025-06-11 08:57:30,{}
162,0.05,8,3,0.8,0.8,0.0,1.0,42,/content/drive/MyDrive/Phiradon168/output_default/model_lr0.05_depth8_l23.joblib,Close,-1.0,,-1.0,2025-06-11 08:57:30,{}
163,0.05,8,3,0.8,0.8,1.0,0.0,42,/content/drive/MyDrive/Phiradon168/output_default/model_lr0.05_depth8_l23.joblib,Close,-1.0,,-1.0,2025-06-11 08:57:30,{}
164,0.05,8,3,0.8,0.8,1.0,1.0,42,/content/drive/MyDrive/Phiradon168/output_default/model_lr0.05_depth8_l23.joblib,Close,-1.0,,-1.0,2025-06-11 08:57:30,{}
165,0.05,8,3,0.8,1.0,0.0,0.0,42,/content/drive/MyDrive/Phiradon168/output_default/model_lr0.05_depth8_l23.joblib,Close,-1.0,,-1.0,2025-06-11 08:57:30,{}
166,0.05,8,3,0.8,1.0,0.0,1.0,42,/content/drive/MyDrive/Phiradon168/output_default/model_lr0.05_depth8_l23.joblib,Close,-1.0,,-1.0,2025-06-11 08:57:30,{}
167,0.05,8,3,0.8,1.0,1.0,0.0,42,/content/drive/MyDrive/Phiradon168/output_default/model_lr0.05_depth8_l23.joblib,Close,-1.0,,-1.0,2025-06-11 08:57:30,{}
168,0.05,8,3,0.8,1.0,1.0,1.0,42,/content/drive/MyDrive/Phiradon168/output_default/model_lr0.05_depth8_l23.joblib,Close,-1.0,,-1.0,2025-06-11 08:57:30,{}
169,0.05,8,3,1.0,0.8,0.0,0.0,42,/content/drive/MyDrive/Phiradon168/output_default/model_lr0.05_depth8_l23.joblib,Close,-1.0,,-1.0,2025-06-11 08:57:30,{}
170,0.05,8,3,1.0,0.8,0.0,1.0,42,/content/drive/MyDrive/Phiradon168/output_default/model_lr0.05_depth8_l23.joblib,Close,-1.0,,-1.0,2025-06-11 08:57:30,{}
171,0.05,8,3,1.0,0.8,1.0,0.0,42,/content/drive/MyDrive/Phiradon168/output_default/model_lr0.05_depth8_l23.joblib,Close,-1.0,,-1.0,2025-06-11 08:57:30,{}
172,0.05,8,3,1.0,0.8,1.0,1.0,42,/content/drive/MyDrive/Phiradon168/output_default/model_lr0.05_depth8_l23.joblib,Close,-1.0,,-1.0,2025-06-11 08:57:30,{}
173,0.05,8,3,1.0,1.0,0.0,0.0,42,/content/drive/MyDrive/Phiradon168/output_default/model_lr0.05_depth8_l23.joblib,Close,-1.0,,-1.0,2025-06-11 08:57:30,{}
174,0.05,8,3,1.0,1.0,0.0,1.0,42,/content/drive/MyDrive/Phiradon168/output_default/model_lr0.05_depth8_l23.joblib,Close,-1.0,,-1.0,2025-06-11 08:57:30,{}
175,0.05,8,3,1.0,1.0,1.0,0.0,42,/content/drive/MyDrive/Phiradon168/output_default/model_lr0.05_depth8_l23.joblib,Close,-1.0,,-1.0,2025-06-11 08:57:30,{}
176,0.05,8,3,1.0,1.0,1.0,1.0,42,/content/drive/MyDrive/Phiradon168/output_default/model_lr0.05_depth8_l23.joblib,Close,-1.0,,-1.0,2025-06-11 08:57:30,{}
177,0.05,8,5,0.8,0.8,0.0,0.0,42,/content/drive/MyDrive/Phiradon168/output_default/model_lr0.05_depth8_l25.joblib,Close,-1.0,,-1.0,2025-06-11 08:57:30,{}
178,0.05,8,5,0.8,0.8,0.0,1.0,42,/content/drive/MyDrive/Phiradon168/output_default/model_lr0.05_depth8_l25.joblib,Close,-1.0,,-1.0,2025-06-11 08:57:30,{}
179,0.05,8,5,0.8,0.8,1.0,0.0,42,/content/drive/MyDrive/Phiradon168/output_default/model_lr0.05_depth8_l25.joblib,Close,-1.0,,-1.0,2025-06-11 08:57:30,{}
180,0.05,8,5,0.8,0.8,1.0,1.0,42,/content/drive/MyDrive/Phiradon168/output_default/model_lr0.05_depth8_l25.joblib,Close,-1.0,,-1.0,2025-06-11 08:57:30,{}
181,0.05,8,5,0.8,1.0,0.0,0.0,42,/content/drive/MyDrive/Phiradon168/output_default/model_lr0.05_depth8_l25.joblib,Close,-1.0,,-1.0,2025-06-11 08:57:30,{}
182,0.05,8,5,0.8,1.0,0.0,1.0,42,/content/drive/MyDrive/Phiradon168/output_default/model_lr0.05_depth8_l25.joblib,Close,-1.0,,-1.0,2025-06-11 08:57:30,{}
183,0.05,8,5,0.8,1.0,1.0,0.0,42,/content/drive/MyDrive/Phiradon168/output_default/model_lr0.05_depth8_l25.joblib,Close,-1.0,,-1.0,2025-06-11 08:57:30,{}
184,0.05,8,5,0.8,1.0,1.0,1.0,42,/content/drive/MyDrive/Phiradon168/output_default/model_lr0.05_depth8_l25.joblib,Close,-1.0,,-1.0,2025-06-11 08:57:30,{}
185,0.05,8,5,1.0,0.8,0.0,0.0,42,/content/drive/MyDrive/Phiradon168/output_default/model_lr0.05_depth8_l25.joblib,Close,-1.0,,-1.0,2025-06-11 08:57:30,{}
186,0.05,8,5,1.0,0.8,0.0,1.0,42,/content/drive/MyDrive/Phiradon168/output_default/model_lr0.05_depth8_l25.joblib,Close,-1.0,,-1.0,2025-06-11 08:57:30,{}
187,0.05,8,5,1.0,0.8,1.0,0.0,42,/content/drive/MyDrive/Phiradon168/output_default/model_lr0.05_depth8_l25.joblib,Close,-1.0,,-1.0,2025-06-11 08:57:30,{}
188,0.05,8,5,1.0,0.8,1.0,1.0,42,/content/drive/MyDrive/Phiradon168/output_default/model_lr0.05_depth8_l25.joblib,Close,-1.0,,-1.0,2025-06-11 08:57:30,{}
189,0.05,8,5,1.0,1.0,0.0,0.0,42,/content/drive/MyDrive/Phiradon168/output_default/model_lr0.05_depth8_l25.joblib,Close,-1.0,,-1.0,2025-06-11 08:57:30,{}
190,0.05,8,5,1.0,1.0,0.0,1.0,42,/content/drive/MyDrive/Phiradon168/output_default/model_lr0.05_depth8_l25.joblib,Close,-1.0,,-1.0,2025-06-11 08:57:30,{}
191,0.05,8,5,1.0,1.0,1.0,0.0,42,/content/drive/MyDrive/Phiradon168/output_default/model_lr0.05_depth8_l25.joblib,Close,-1.0,,-1.0,2025-06-11 08:57:30,{}
192,0.05,8,5,1.0,1.0,1.0,1.0,42,/content/drive/MyDrive/Phiradon168/output_default/model_lr0.05_depth8_l25.joblib,Close,-1.0,,-1.0,2025-06-11 08:57:30,{}
